{
  "benefitsMain": [
    {
      "id": "benefit_unified_child_allowance_0_17_yakutsk_2025",
      "title": "Единое пособие на детей 0–17 лет (Якутск, 2 зона)",
      "description": "Ежемесячное единое пособие на детей от 0 до 17 лет с размерами 12 727,5 / 19 091,25 / 25 455 руб. в зависимости от 50/75/100 % расчетного размера для второй зоны проживания.",
      "type": "cash_support",
      "target_groups": ["child_0_17", "low_income", "family_with_children"],
      "regions": ["yakutsk", "sakha_republic"],
      "valid_from": "2025-01-01",
      "valid_to": null,
      "requirements": [
        "Наличие ребенка в возрасте 0–17 лет",
        "Среднедушевой доход семьи ниже установленного уровня",
        "Подача заявления через Госуслуги или МФЦ по месту жительства"
      ],
      "documents": [
        "Паспорта заявителя и супруга (при наличии)",
        "Свидетельства о рождении или паспорта детей",
        "Справки о доходах всех членов семьи",
        "Реквизиты банковского счета"
      ],
      "steps": [
        "Сбор необходимых документов",
        "Подача заявления на единое пособие через портал Госуслуг или МФЦ",
        "Ожидание решения органа соцзащиты и назначения пособия",
        "Ежемесячное получение выплаты на банковский счет"
      ],
      "partner": null,
      "monthly_saving": 25455,
      "is_new": true,
      "created_at": "2025-01-01T00:00:00Z"
    },
...
