[
	{
		"id": "benefit-1",
		"title": "Бесплатный проезд в общественном транспорте",
		"description": "Льгота предоставляет бесплатный проезд на всех видах городского общественного транспорта для пенсионеров региона xxxxxxxxx.",
		"type": "transport",
		"targetGroups": [
			"pensioner"
		],
		"regions": [
			"xxxxxxxxx"
		],
		"validFrom": "2024-01-01",
		"validTo": null,
		"requirements": [
			"Пенсионное удостоверение",
			"Паспорт гражданина РФ",
			"Регистрация в регионе xxxxxxxxx"
		],
		"steps": [
			"Обратиться в МФЦ с документами",
			"Заполнить заявление",
			"Получить социальную карту в течение 10 дней"
		],
		"documents": [
			"Пенсионное удостоверение",
			"Паспорт",
			"Фото 3x4"
		],
		"partner": "Транспортные предприятия xxxxxxxxx"
	},
	{
		"id": "benefit-2",
		"title": "Компенсация оплаты ЖКХ",
		"description": "Частичная компенсация расходов на оплату жилищно-коммунальных услуг для пенсионеров.",
		"type": "housing",
		"targetGroups": [
			"pensioner",
			"low-income"
		],
		"regions": [
			"xxxxxxxxx"
		],
		"validFrom": "2024-01-01",
		"validTo": null,
		"requirements": [
			"Пенсионное удостоверение",
			"Документы на жилье",
			"Справка о доходах"
		],
		"steps": [
			"Собрать пакет документов",
			"Подать заявление через Госуслуги или МФЦ",
			"Дождаться рассмотрения заявления (30 дней)",
			"Получать ежемесячную компенсацию"
		],
		"documents": [
			"Пенсионное удостоверение",
			"Документы на жилье",
			"Справка о составе семьи",
			"Справка о доходах"
		],
		"amount": 1500,
		"savingsPerMonth": 1500
	},
	{
		"id": "benefit-3",
		"title": "Бесплатные лекарства по рецепту",
		"description": "Получение бесплатных лекарств из федерального перечня по рецепту врача.",
		"type": "medical",
		"targetGroups": [
			"pensioner",
			"disabled"
		],
		"regions": [
			"xxxxxxxxx"
		],
		"validFrom": "2024-01-01",
		"validTo": null,
		"requirements": [
			"Рецепт врача",
			"СНИЛС",
			"Полис ОМС"
		],
		"steps": [
			"Получить рецепт у врача",
			"Обратиться в аптеку партнёра",
			"Предъявить документы",
			"Получить лекарства"
		],
		"documents": [
			"Рецепт",
			"СНИЛС",
			"Полис ОМС"
		],
		"partner": "Аптечная сеть xxxxxxxxx",
		"savingsPerMonth": 2000
	},
	{
		"id": "benefit-4",
		"title": "Налоговый вычет на имущество",
		"description": "Освобождение от уплаты налога на одно жилое помещение для пенсионеров.",
		"type": "tax",
		"targetGroups": [
			"pensioner"
		],
		"regions": [
			"xxxxxxxxx"
		],
		"validFrom": "2024-01-01",
		"validTo": null,
		"requirements": [
			"Пенсионное удостоверение",
			"Документы на недвижимость"
		],
		"steps": [
			"Подать заявление в налоговую инспекцию",
			"Приложить копии документов",
			"Дождаться подтверждения (30 дней)"
		],
		"documents": [
			"Пенсионное удостоверение",
			"Свидетельство о праве собственности",
			"ИНН"
		],
		"amount": 3000,
		"savingsPerMonth": 250
	},
	{
		"id": "benefit-5",
		"title": "Бесплатная диспансеризация",
		"description": "Комплексное медицинское обследование раз в год для пенсионеров.",
		"type": "medical",
		"targetGroups": [
			"pensioner"
		],
		"regions": [
			"xxxxxxxxx"
		],
		"validFrom": "2024-01-01",
		"validTo": null,
		"requirements": [
			"Полис ОМС",
			"Паспорт"
		],
		"steps": [
			"Записаться в поликлинику",
			"Пройти обследование",
			"Получить заключение врача"
		],
		"documents": [
			"Полис ОМС",
			"Паспорт",
			"СНИЛС"
		]
	},
	{
		"id": "benefit-6",
		"title": "Скидка на культурные мероприятия",
		"description": "50% скидка на посещение музеев, театров и концертов в регионе xxxxxxxxx.",
		"type": "culture",
		"targetGroups": [
			"pensioner",
			"veteran"
		],
		"regions": [
			"xxxxxxxxx"
		],
		"validFrom": "2024-01-01",
		"validTo": "2024-12-31",
		"requirements": [
			"Пенсионное удостоверение или удостоверение ветерана"
		],
		"steps": [
			"Предъявить удостоверение в кассе",
			"Получить билет со скидкой"
		],
		"documents": [
			"Пенсионное удостоверение"
		],
		"partner": "Министерство культуры xxxxxxxxx",
		"expiresIn": 45
	},
	{
		"id": "benefit-7",
		"title": "Социальная доплата к пенсии",
		"description": "Доплата к пенсии до прожиточного минимума пенсионера в регионе.",
		"type": "social",
		"targetGroups": [
			"pensioner",
			"low-income"
		],
		"regions": [
			"xxxxxxxxx"
		],
		"validFrom": "2024-01-01",
		"validTo": null,
		"requirements": [
			"Пенсия ниже прожиточного минимума",
			"Отсутствие работы"
		],
		"steps": [
			"Подать заявление в ПФР",
			"Предоставить справки о доходах",
			"Получать доплату ежемесячно"
		],
		"documents": [
			"Пенсионное удостоверение",
			"Справка о доходах",
			"Трудовая книжка"
		],
		"amount": 3500,
		"savingsPerMonth": 3500
	},
	{
		"id": "benefit-8",
		"title": "Бесплатная юридическая помощь",
		"description": "Получение бесплатных юридических консультаций для пенсионеров.",
		"type": "social",
		"targetGroups": [
			"pensioner",
			"disabled",
			"veteran"
		],
		"regions": [
			"xxxxxxxxx"
		],
		"validFrom": "2024-01-01",
		"validTo": null,
		"requirements": [
			"Документ, подтверждающий льготную категорию"
		],
		"steps": [
			"Записаться на приём в юридическую клинику",
			"Получить консультацию"
		],
		"documents": [
			"Пенсионное удостоверение или другой документ"
		],
		"partner": "Юридическая служба xxxxxxxxx"
	},
	{
		"id": "benefit-9",
		"title": "Компенсация на санаторно-курортное лечение",
		"description": "Частичная компенсация стоимости путёвки в санаторий для пенсионеров.",
		"type": "medical",
		"targetGroups": [
			"pensioner",
			"disabled"
		],
		"regions": [
			"xxxxxxxxx"
		],
		"validFrom": "2024-01-01",
		"validTo": null,
		"requirements": [
			"Справка от врача о показаниях",
			"Пенсионное удостоверение"
		],
		"steps": [
			"Получить направление от врача",
			"Подать заявление в соцзащиту",
			"Выбрать санаторий",
			"Получить компенсацию после лечения"
		],
		"documents": [
			"Справка от врача",
			"Пенсионное удостоверение",
			"Договор с санаторием",
			"Чеки об оплате"
		],
		"amount": 15000
	},
	{
		"id": "benefit-10",
		"title": "Бесплатная установка счётчиков",
		"description": "Установка приборов учёта воды и электричества за счёт государства.",
		"type": "utility",
		"targetGroups": [
			"pensioner",
			"low-income"
		],
		"regions": [
			"xxxxxxxxx"
		],
		"validFrom": "2024-01-01",
		"validTo": "2024-06-30",
		"requirements": [
			"Отсутствие приборов учёта",
			"Документы на жильё"
		],
		"steps": [
			"Подать заявку через МФЦ",
			"Дождаться визита мастера",
			"Подписать акт о выполненных работах"
		],
		"documents": [
			"Пенсионное удостоверение",
			"Документы на жильё"
		],
		"partner": "Управляющая компания xxxxxxxxx",
		"isNew": true,
		"expiresIn": 90
	},
	{
		"id": "benefit-11",
		"title": "Скидка на стоматологическое протезирование",
		"description": "50% скидка на зубное протезирование в муниципальных клиниках.",
		"type": "medical",
		"targetGroups": [
			"pensioner",
			"veteran"
		],
		"regions": [
			"xxxxxxxxx"
		],
		"validFrom": "2024-01-01",
		"validTo": null,
		"requirements": [
			"Направление от стоматолога",
			"Полис ОМС"
		],
		"steps": [
			"Получить направление",
			"Записаться в клинику",
			"Пройти протезирование со скидкой"
		],
		"documents": [
			"Направление врача",
			"Полис ОМС",
			"Пенсионное удостоверение"
		],
		"savingsPerMonth": 5000
	},
	{
		"id": "benefit-12",
		"title": "Ежемесячная денежная выплата ветеранам",
		"description": "Ежемесячная денежная выплата для ветеранов труда региона xxxxxxxxx.",
		"type": "social",
		"targetGroups": [
			"veteran"
		],
		"regions": [
			"xxxxxxxxx"
		],
		"validFrom": "2024-01-01",
		"validTo": null,
		"requirements": [
			"Удостоверение ветерана труда",
			"Регистрация в регионе"
		],
		"steps": [
			"Подать заявление в соцзащиту",
			"Предоставить документы",
			"Получать выплату ежемесячно"
		],
		"documents": [
			"Удостоверение ветерана",
			"Паспорт",
			"СНИЛС"
		],
		"amount": 1000,
		"savingsPerMonth": 1000
	},
	{
		"id": "benefit-13",
		"title": "Компенсация расходов на домашний телефон",
		"description": "Частичная компенсация абонентской платы за городской телефон.",
		"type": "social",
		"targetGroups": [
			"pensioner",
			"disabled",
			"veteran"
		],
		"regions": [
			"xxxxxxxxx"
		],
		"validFrom": "2024-01-01",
		"validTo": null,
		"requirements": [
			"Договор с оператором связи",
			"Льготное удостоверение"
		],
		"steps": [
			"Подать заявление в соцзащиту",
			"Предоставить копию договора и квитанций",
			"Получать компенсацию ежемесячно"
		],
		"documents": [
			"Договор с телефонной компанией",
			"Квитанции об оплате",
			"Льготное удостоверение"
		],
		"amount": 300,
		"savingsPerMonth": 300
	},
	{
		"id": "benefit-14",
		"title": "Бесплатные путёвки в санатории",
		"description": "Полностью бесплатные путёвки в санатории для инвалидов.",
		"type": "medical",
		"targetGroups": [
			"disabled"
		],
		"regions": [
			"xxxxxxxxx"
		],
		"validFrom": "2024-01-01",
		"validTo": null,
		"requirements": [
			"Справка МСЭ",
			"Индивидуальная программа реабилитации",
			"Направление врача"
		],
		"steps": [
			"Получить направление в поликлинике",
			"Подать заявление в ФСС",
			"Дождаться очереди",
			"Получить путёвку"
		],
		"documents": [
			"Справка МСЭ",
			"ИПР",
			"Направление врача",
			"Паспорт",
			"Полис ОМС"
		]
	},
	{
		"id": "benefit-15",
		"title": "Социальное такси",
		"description": "Субсидированный проезд на такси для инвалидов и маломобильных граждан.",
		"type": "transport",
		"targetGroups": [
			"disabled"
		],
		"regions": [
			"xxxxxxxxx"
		],
		"validFrom": "2024-03-01",
		"validTo": null,
		"requirements": [
			"Справка МСЭ",
			"Регистрация в базе соцтакси"
		],
		"steps": [
			"Подать заявление в соцзащиту",
			"Зарегистрироваться в системе",
			"Вызывать социальное такси по телефону"
		],
		"documents": [
			"Справка МСЭ",
			"Паспорт",
			"СНИЛС"
		],
		"partner": "Служба социального такси xxxxxxxxx",
		"isNew": true
	},
	{
		"id": "benefit-16",
		"title": "Льготы на оплату капитального ремонта",
		"description": "Освобождение от взносов на капремонт для одиноких пенсионеров старше 80 лет.",
		"type": "housing",
		"targetGroups": [
			"pensioner"
		],
		"regions": [
			"xxxxxxxxx"
		],
		"validFrom": "2024-01-01",
		"validTo": null,
		"requirements": [
			"Возраст 80+",
			"Проживание в одиночку",
			"Документы на жильё"
		],
		"steps": [
			"Подать заявление в фонд капремонта",
			"Предоставить документы",
			"Получить освобождение от платежей"
		],
		"documents": [
			"Пенсионное удостоверение",
			"Паспорт",
			"Справка о составе семьи",
			"Документы на жильё"
		],
		"savingsPerMonth": 500
	}
]