[
	{
		"id": "benefit_unified_child_allowance_0_17_yakutsk_2025",
		"title": "Единое пособие на детей 0–17 лет (Якутск, 2 зона)",
		"description": "Ежемесячное единое пособие на детей от 0 до 17 лет с размерами 12 727,5 / 19 091,25 / 25 455 руб. в зависимости от 50/75/100 % расчетного размера для второй зоны проживания.",
		"type": "cash_support",
		"targetGroups": [
			"child",
			"low-income",
			"large-family"
		],
		"regions": [
			"yakutsk",
			"sakha_republic"
		],
		"validFrom": "2025-01-01",
		"validTo": null,
		"requirements": [
			"Наличие ребенка в возрасте 0–17 лет",
			"Среднедушевой доход семьи ниже установленного уровня",
			"Подача заявления через Госуслуги или МФЦ по месту жительства"
		],
		"documents": [
			"Паспорта заявителя и супруга (при наличии)",
			"Свидетельства о рождении или паспорта детей",
			"Справки о доходах всех членов семьи",
			"Реквизиты банковского счета"
		],
		"steps": [
			"Сбор необходимых документов",
			"Подача заявления на единое пособие через портал Госуслуг или МФЦ",
			"Ожидание решения органа соцзащиты и назначения пособия",
			"Ежемесячное получение выплаты на банковский счет"
		],
		"partner": null,
		"savingsPerMonth": 25455,
		"isNew": true
	},
	{
		"id": "benefit_capital_deti_stoletiya_2022_2027",
		"title": "Целевой капитал «Дети столетия»",
		"description": "Региональный целевой капитал для детей, рожденных в период 2022–2027 годов, в сумме 116 756 руб. для поддержки семей с детьми.",
		"type": "child_support",
		"targetGroups": [
			"child",
			"large-family"
		],
		"regions": [
			"yakutsk",
			"sakha_republic"
		],
		"validFrom": "2022-01-01",
		"validTo": "2027-12-31",
		"requirements": [
			"Рождение ребенка в период с 2022 по 2027 год",
			"Постоянное проживание в Республике Саха (Якутия)",
			"Отсутствие ранее использованного права на данный капитал"
		],
		"documents": [
			"Паспорт заявителя",
			"Свидетельство о рождении ребенка",
			"Документ о регистрации по месту жительства",
			"Реквизиты банковского счета"
		],
		"steps": [
			"Проверка права на получение капитала",
			"Подача заявления в орган соцзащиты населения или через Госуслуги",
			"Ожидание решения о назначении капитала",
			"Использование капитала по установленным направлениям"
		],
		"partner": null,
		"savingsPerMonth": 0,
		"isNew": true
	},
	{
		"id": "benefit_maternity_capital_semya_third_child_yakutia",
		"title": "Республиканский материнский капитал «Семья» при рождении 3-го и последующих детей",
		"description": "Региональный материнский капитал «Семья» в размере 316 200 руб. при рождении третьего и последующих детей.",
		"type": "child_support",
		"targetGroups": [
			"large-family"
		],
		"regions": [
			"yakutsk",
			"sakha_republic"
		],
		"validFrom": "2023-01-01",
		"validTo": null,
		"requirements": [
			"Рождение третьего или последующего ребенка",
			"Постоянное проживание в Республике Саха (Якутия)",
			"Отсутствие ранее назначенного регионального капитала по данной программе"
		],
		"documents": [
			"Паспорт заявителя",
			"Свидетельства о рождении всех детей",
			"Документ о регистрации по месту жительства",
			"СНИЛС заявителя и детей"
		],
		"steps": [
			"Подача заявления в орган соцзащиты или МФЦ",
			"Проверка права и вынесение решения",
			"Открытие счета (если требуется) и зачисление средств",
			"Использование капитала по разрешенным направлениям"
		],
		"partner": null,
		"savingsPerMonth": 0,
		"isNew": false
	},
	{
		"id": "benefit_monthly_allowance_third_child_0_3_2025",
		"title": "Ежемесячное пособие на третьего и последующих детей до 3 лет",
		"description": "Ежемесячная выплата на третьего и последующих детей до 3 лет во второй зоне в размере 25 455 руб. в 2025 году.",
		"type": "cash_support",
		"targetGroups": [
			"large-family",
			"child",
			"low-income"
		],
		"regions": [
			"yakutsk",
			"sakha_republic"
		],
		"validFrom": "2025-01-01",
		"validTo": null,
		"requirements": [
			"Наличие третьего или последующего ребенка в возрасте до 3 лет",
			"Соответствие критериям нуждаемости по доходам",
			"Подача заявления в орган соцзащиты населения"
		],
		"documents": [
			"Паспорт заявителя",
			"Свидетельства о рождении всех детей",
			"Справки о доходах членов семьи",
			"Реквизиты банковского счета"
		],
		"steps": [
			"Сбор подтверждающих документов о составе семьи и доходах",
			"Подача заявления через МФЦ или Госуслуги",
			"Ожидание решения органов соцзащиты",
			"Получение ежемесячной выплаты на счет"
		],
		"partner": null,
		"savingsPerMonth": 25455,
		"isNew": true
	},
	{
		"id": "benefit_school_payment_many_children_low_income",
		"title": "Ежегодная выплата к школе для детей из многодетных малообеспеченных семей",
		"description": "Ежегодная выплата к началу учебного года на подготовку детей из многодетных малообеспеченных семей в размере 4 534 руб. на ребенка.",
		"type": "education_support",
		"targetGroups": [
			"large-family",
			"low-income"
		],
		"regions": [
			"yakutsk",
			"sakha_republic"
		],
		"validFrom": "2025-01-01",
		"validTo": null,
		"requirements": [
			"Статус многодетной семьи",
			"Низкий среднедушевой доход",
			"Наличие ребенка школьного возраста"
		],
		"documents": [
			"Удостоверение многодетной семьи",
			"Справки о доходах",
			"Справка из образовательной организации"
		],
		"steps": [
			"Подача заявления в орган соцзащиты или МФЦ",
			"Предоставление подтверждающих документов",
			"Назначение выплаты перед началом учебного года"
		],
		"partner": null,
		"savingsPerMonth": 0,
		"isNew": false
	},
	{
		"id": "benefit_free_medicines_children_0_3",
		"title": "Бесплатные лекарства для детей до 3 лет",
		"description": "Дети до 3 лет обеспечиваются всеми необходимыми лекарственными средствами бесплатно по рецепту врача при амбулаторном лечении.",
		"type": "medicine_benefit",
		"targetGroups": [
			"child"
		],
		"regions": [
			"yakutsk",
			"sakha_republic",
			"russia"
		],
		"validFrom": "2025-01-01",
		"validTo": null,
		"requirements": [
			"Возраст ребенка до 3 лет",
			"Наличие рецепта врача по установленной форме",
			"Приобретение лекарств в аптеке, работающей по льготным рецептам"
		],
		"documents": [
			"Рецепт установленного образца",
			"Свидетельство о рождении ребенка",
			"Полис ОМС"
		],
		"steps": [
			"Обращение к врачу для назначения лечения",
			"Получение льготного рецепта",
			"Отпуск лекарств в льготной аптеке без оплаты"
		],
		"partner": null,
		"savingsPerMonth": 3000,
		"isNew": false
	},
	{
		"id": "benefit_free_medicines_children_many_children_0_6",
		"title": "Бесплатные лекарства детям до 6 лет из многодетных семей",
		"description": "Дети до 6 лет из многодетных семей обеспечиваются всеми лекарственными средствами бесплатно по рецепту врача.",
		"type": "medicine_benefit",
		"targetGroups": [
			"child",
			"large-family"
		],
		"regions": [
			"yakutsk",
			"sakha_republic",
			"russia"
		],
		"validFrom": "2025-01-01",
		"validTo": null,
		"requirements": [
			"Возраст ребенка до 6 лет",
			"Наличие статуса многодетной семьи",
			"Наличие льготного рецепта"
		],
		"documents": [
			"Удостоверение многодетной семьи",
			"Рецепт врача",
			"Свидетельство о рождении ребенка"
		],
		"steps": [
			"Подтверждение статуса многодетной семьи",
			"Получение у врача льготного рецепта",
			"Получение лекарств в льготной аптеке бесплатно"
		],
		"partner": null,
		"savingsPerMonth": 3000,
		"isNew": false
	},
	{
		"id": "benefit_free_medicines_disabled_and_federal_beneficiaries",
		"title": "Бесплатные и льготные лекарства для инвалидов и федеральных льготников",
		"description": "Инвалиды I группы, неработающие инвалиды II группы, дети‑инвалиды и ряд других категорий обеспечиваются всеми необходимыми лекарственными средствами бесплатно, остальные льготники получают лекарства со скидкой 50 % по рецепту.",
		"type": "medicine_benefit",
		"targetGroups": [
			"disabled",
			"veteran"
		],
		"regions": [
			"yakutsk",
			"sakha_republic",
			"russia"
		],
		"validFrom": "2025-01-01",
		"validTo": null,
		"requirements": [
			"Наличие подтвержденного статуса инвалида или федерального льготника",
			"Назначение лекарств врачом и выписанный льготный рецепт",
			"Обращение в аптеку, работающую по программе льготного лекарственного обеспечения"
		],
		"documents": [
			"Удостоверение инвалида или иного федерального льготника",
			"Полис ОМС",
			"Льготный рецепт установленного образца"
		],
		"steps": [
			"Подтверждение права на льготное лекарственное обеспечение",
			"Обращение к врачу и получение льготного рецепта",
			"Получение лекарств в льготной аптеке бесплатно или с 50 % скидкой"
		],
		"partner": null,
		"savingsPerMonth": 5000,
		"isNew": false
	},
	{
		"id": "benefit_medicines_minorities_north",
		"title": "Льготное обеспечение лекарствами малочисленных народов Севера",
		"description": "Представители малочисленных народов Севера получают лекарственные препараты по льготным рецептам бесплатно или с частичной оплатой в соответствии с региональным порядком.",
		"type": "medicine_benefit",
		"targetGroups": [
			"disabled"
		],
		"regions": [
			"yakutsk",
			"sakha_republic"
		],
		"validFrom": "2025-01-01",
		"validTo": null,
		"requirements": [
			"Принадлежность к малочисленным народам Севера, проживающим в Якутии",
			"Наличие медицинских показаний и льготного рецепта"
		],
		"documents": [
			"Документ, подтверждающий национальную принадлежность",
			"Полис ОМС",
			"Льготный рецепт врача"
		],
		"steps": [
			"Подтверждение принадлежности к льготной категории",
			"Получение рецепта у врача",
			"Отпуск лекарств в аптеке по льготным условиям"
		],
		"partner": null,
		"savingsPerMonth": 3000,
		"isNew": false
	},
	{
		"id": "benefit_subsidized_air_tickets_federal_2025",
		"title": "Субсидированные авиабилеты для льготных категорий граждан РФ из/в Якутск (2025)",
		"description": "Специальные субсидированные тарифы на авиаперевозку для льготных категорий граждан РФ и отдельных возрастных групп на маршрутах с и в Якутск в период с 1 января по 31 декабря 2025 года.",
		"type": "transport",
		"targetGroups": [
			"child",
			"pensioner",
			"disabled",
			"large-family"
		],
		"regions": [
			"yakutsk",
			"sakha_republic",
			"russia"
		],
		"validFrom": "2025-01-01",
		"validTo": "2025-12-31",
		"requirements": [
			"Наличие гражданства РФ",
			"Принадлежность к льготной категории (возраст, инвалидность, многодетная семья)",
			"Покупка билетов на установленные субсидируемые направления и в пределах лимита договоров"
		],
		"documents": [
			"Паспорт гражданина РФ",
			"Документы, подтверждающие статус инвалида или многодетной семьи (при наличии)",
			"Свидетельства о рождении детей при покупке детских билетов"
		],
		"steps": [
			"Проверка соответствия льготной категории",
			"Выбор субсидируемого направления и даты перелета",
			"Покупка билета по специальному тарифу у авиакомпании или агента",
			"Соблюдение ограничений по количеству билетов и договорам перевозки"
		],
		"partner": "federal_subsidy_program",
		"savingsPerMonth": 5000,
		"isNew": true
	},
	{
		"id": "benefit_subsidized_air_tickets_dfo_residents_2025",
		"title": "Субсидированные авиабилеты для жителей ДФО (Якутск, 2025)",
		"description": "Специальные тарифы на перелеты из Якутска и в Якутск для граждан, зарегистрированных в субъектах Дальневосточного федерального округа (включая маршруты Якутск–Москва и Якутск–Санкт‑Петербург).",
		"type": "transport",
		"targetGroups": [
			"low-income"
		],
		"regions": [
			"yakutsk",
			"sakha_republic"
		],
		"validFrom": "2025-01-01",
		"validTo": "2025-12-31",
		"requirements": [
			"Регистрация по месту жительства в субъекте Дальневосточного федерального округа",
			"Приобретение билетов по установленным субсидируемым маршрутам"
		],
		"documents": [
			"Паспорт гражданина РФ с регистрацией в субъекте ДФО"
		],
		"steps": [
			"Проверка права по месту регистрации",
			"Выбор маршрута и даты из перечня субсидируемых направлений",
			"Покупка билета по льготному тарифу"
		],
		"partner": "federal_subsidy_program_dfo",
		"savingsPerMonth": 4000,
		"isNew": true
	},
	{
		"id": "benefit_utility_30_percent_many_children_2025",
		"title": "Льгота 30% на оплату ЖКУ для многодетных семей",
		"description": "Ежемесячная компенсация 30% расходов на оплату жилья и коммунальных услуг для многодетных семей в Якутии.",
		"type": "utilities_discount",
		"targetGroups": [
			"large-family"
		],
		"regions": [
			"yakutsk",
			"sakha_republic"
		],
		"validFrom": "2025-01-01",
		"validTo": null,
		"requirements": [
			"Наличие статуса многодетной семьи",
			"Регистрация по месту жительства в Республике Саха (Якутия)",
			"Отсутствие задолженности по оплате ЖКУ либо заключенное соглашение о погашении"
		],
		"documents": [
			"Удостоверение многодетной семьи",
			"Документы на жилое помещение",
			"Квитанции и справка о начисленных платежах за ЖКУ",
			"Паспорта членов семьи и справка о составе семьи"
		],
		"steps": [
			"Обращение в Агентство субсидий или МФЦ с заявлением",
			"Предоставление документов о составе семьи и начислениях по ЖКУ",
			"Рассмотрение заявления и назначение ежемесячной выплаты",
			"Перечисление компенсации на банковский счет заявителя"
		],
		"partner": "yakutia_utility_subsidy_agency",
		"savingsPerMonth": 3000,
		"isNew": true
	},
	{
		"id": "benefit_free_public_transport_many_children_school_2025",
		"title": "Бесплатный проезд для школьников из многодетных семей",
		"description": "Бесплатный проезд на городском и пригородном автомобильном транспорте (кроме такси) для детей из многодетных семей, обучающихся с 1 по 11 (12) классы.",
		"type": "transport",
		"targetGroups": [
			"large-family"
		],
		"regions": [
			"yakutsk",
			"sakha_republic"
		],
		"validFrom": "2025-01-01",
		"validTo": null,
		"requirements": [
			"Статус многодетной семьи",
			"Обучение ребенка в 1–11 (12) классе общеобразовательной организации",
			"Оформление транспортной карты единого цифрового сервиса"
		],
		"documents": [
			"Удостоверение многодетной семьи",
			"Справка из школы",
			"Свидетельство о рождении или паспорт ребенка"
		],
		"steps": [
			"Подача заявления на оформление транспортного приложения карты",
			"Получение карты «юного жителя Якутии» или «жителя Якутии»",
			"Использование карты для бесплатного проезда в период учебного года"
		],
		"partner": "yakutia_transport_ministry",
		"savingsPerMonth": 2000,
		"isNew": true
	},
	{
		"id": "benefit_housing_one_time_support_many_children",
		"title": "Социальная выплата многодетным на улучшение жилищных условий",
		"description": "Единовременная социальная выплата многодетным семьям на приобретение или строительство жилья в размере до 35% расчетной стоимости жилого помещения.",
		"type": "housing",
		"targetGroups": [
			"large-family"
		],
		"regions": [
			"yakutsk",
			"sakha_republic"
		],
		"validFrom": "2024-09-01",
		"validTo": null,
		"requirements": [
			"Статус многодетной семьи",
			"Признание нуждающимися в улучшении жилищных условий",
			"Отсутствие ранее полученной аналогичной субсидии"
		],
		"documents": [
			"Удостоверение многодетной семьи",
			"Выписка из ЕГРН о правах на жилье",
			"Справка о признании нуждающимися в улучшении жилищных условий",
			"Паспорта членов семьи"
		],
		"steps": [
			"Постановка на учет как нуждающихся в жилье",
			"Участие в программе и подача заявления на субсидию",
			"Заключение договора о предоставлении социальной выплаты",
			"Использование средств на покупку или строительство жилья"
		],
		"partner": "yakutia_housing_program",
		"savingsPerMonth": 0,
		"isNew": true
	},
	{
		"id": "benefit_family_mortgage_yakutia_2025",
		"title": "Семейная ипотека в Якутии с господдержкой",
		"description": "Льготная семейная ипотека под ставку до 6% годовых для семей с детьми, в том числе при рождении ребенка до 6 лет, наличии двоих и более несовершеннолетних детей или ребенка‑инвалида.",
		"type": "mortgage_support",
		"targetGroups": [
			"large-family",
			"disabled"
		],
		"regions": [
			"yakutsk",
			"sakha_republic"
		],
		"validFrom": "2025-01-01",
		"validTo": "2030-01-01",
		"requirements": [
			"Наличие ребенка до 6 лет, двух и более несовершеннолетних детей или ребенка‑инвалида",
			"Оформление ипотечного кредита в банке‑участнике программы",
			"Первоначальный взнос не менее 20% стоимости жилья"
		],
		"documents": [
			"Паспорта заемщиков",
			"Свидетельства о рождении или паспорта детей",
			"Справки о доходах",
			"Документы по приобретаемому объекту недвижимости"
		],
		"steps": [
			"Выбор объекта недвижимости и банка‑участника программы",
			"Подача заявки на семейную ипотеку",
			"Заключение кредитного договора и регистрация ипотеки",
			"Ежемесячная оплата по льготной процентной ставке"
		],
		"partner": "family_mortgage_program_rf",
		"savingsPerMonth": 15000,
		"isNew": false
	},
	{
		"id": "benefit_far_eastern_mortgage_yakutia",
		"title": "Дальневосточная ипотека в Якутии",
		"description": "Льготная дальневосточная ипотека для жителей регионов ДФО на покупку или строительство жилья по сниженной ставке с господдержкой.",
		"type": "mortgage_support",
		"targetGroups": [
			"low-income",
			"large-family"
		],
		"regions": [
			"yakutsk",
			"sakha_republic"
		],
		"validFrom": "2020-01-01",
		"validTo": null,
		"requirements": [
			"Прописка в регионе ДФО",
			"Возраст заемщика и/или условия по молодой семье согласно правилам программы",
			"Использование кредитных средств на цели, предусмотренные программой"
		],
		"documents": [
			"Паспорт с регистрацией в субъекте ДФО",
			"Справки о доходах",
			"Документы по приобретаемому или строящемуся жилью"
		],
		"steps": [
			"Проверка права участия в программе ДВ‑ипотеки",
			"Подача заявки в банк‑участник программы",
			"Заключение кредитного договора и оформление залога",
			"Платежи по сниженной процентной ставке"
		],
		"partner": "far_eastern_mortgage_program_rf",
		"savingsPerMonth": 20000,
		"isNew": false
	},
	{
		"id": "benefit_pension_fixed_80_plus_2025",
		"title": "Удвоенная фиксированная выплата к пенсии для пенсионеров старше 80 лет",
		"description": "Пенсионерам старше 80 лет выплачивается удвоенная фиксированная доплата к страховой пенсии.",
		"type": "cash_support",
		"targetGroups": [
			"pensioner"
		],
		"regions": [
			"russia"
		],
		"validFrom": "2025-01-01",
		"validTo": null,
		"requirements": [
			"Возраст 80+",
			"Оформление пенсии ПФР"
		],
		"documents": [
			"Паспорт",
			"СНИЛС"
		],
		"steps": [
			"Оформить пенсию",
			"После достижения 80 лет выплата назначается автоматически"
		],
		"partner": "ПФР",
		"savingsPerMonth": 7128,
		"isNew": false
	},
	{
		"id": "benefit_children_monthly_minimum_moscow_2025",
		"title": "Ежемесячное пособие на детей до 17 лет в Москве",
		"description": "Пособие для малообеспеченных семей с детьми. Размер зависит от дохода семьи и возраста ребенка.",
		"type": "cash_support",
		"targetGroups": [
			"child",
			"low-income"
		],
		"regions": [
			"moscow"
		],
		"validFrom": "2025-01-01",
		"validTo": null,
		"requirements": [
			"Ребенок до 17 лет",
			"Низкий доход"
		],
		"documents": [
			"Паспорт заявителя",
			"Свидетельство о рождении ребенка",
			"Справка о доходах семьи"
		],
		"steps": [
			"Собрать документы",
			"Подать заявление через Госуслуги"
		],
		"partner": "Департамент соцзащиты Москвы",
		"savingsPerMonth": 6500,
		"isNew": true
	},
	{
		"id": "benefit_social_package_nsuo_2025",
		"title": "Набор социальных услуг (НСУ)",
		"description": "Бесплатные лекарства, санаторное лечение, бесплатный проезд к месту лечения и обратно.",
		"type": "service",
		"targetGroups": [
			"disabled",
			"war_veteran",
			"child"
		],
		"regions": [
			"russia"
		],
		"validFrom": "2025-01-01",
		"validTo": null,
		"requirements": [
			"Удостоверение льготника (инвалид, ветеран, пострадавший и т.п.)"
		],
		"documents": [
			"Удостоверение",
			"Паспорт"
		],
		"steps": [
			"Выбрать тип услуг",
			"Предъявить удостоверение в аптеке, кассе, санатории"
		],
		"partner": "СФР",
		"savingsPerMonth": 1700,
		"isNew": false
	},
	{
		"id": "benefit_large_family_land_2025",
		"title": "Бесплатный земельный участок для многодетных семей",
		"description": "В право на получение бесплатно земельного участка под строительство дома для многодетной семьи.",
		"type": "property_support",
		"targetGroups": [
			"large-family"
		],
		"regions": [
			"russia"
		],
		"validFrom": "2025-01-01",
		"validTo": null,
		"requirements": [
			"Многодетная семья (3+ детей)",
			"Гражданство РФ"
		],
		"documents": [
			"Паспорта родителей",
			"Свидетельства о рождении детей",
			"Справка о составе семьи"
		],
		"steps": [
			"Подать заявление в МФЦ или на Госуслугах",
			"Ожидать распределения земельного участка"
		],
		"partner": null,
		"savingsPerMonth": null,
		"isNew": false
	},
	{
		"id": "benefit_poch_donor_annual_2025",
		"title": "Ежегодная выплата почетным донорам",
		"description": "Ежегодная выплата около 18 000 рублей почетному донору РФ.",
		"type": "cash_support",
		"targetGroups": [
			"donor"
		],
		"regions": [
			"russia"
		],
		"validFrom": "2025-01-01",
		"validTo": null,
		"requirements": [
			"Статус почетного донора"
		],
		"documents": [
			"Удостоверение почетного донора",
			"Паспорт"
		],
		"steps": [
			"Обратиться в соцзащиту",
			"Предъявить документы",
			"Выплата перечисляется ежегодно на счет"
		],
		"partner": "СФР",
		"savingsPerMonth": 1500,
		"isNew": false
	},
	{
		"id": "benefit_predpension_land_tax_2025",
		"title": "Освобождение предпенсионеров от земельного налога",
		"description": "Граждане 55 лет (женщины) и 60 лет (мужчины) освобождаются от земельного налога на участок площадью до 6 соток.",
		"type": "tax",
		"targetGroups": [
			"predpensioner"
		],
		"regions": [
			"russia"
		],
		"validFrom": "2025-01-01",
		"validTo": null,
		"requirements": [
			"Возраст 55+ (женщины), 60+ (мужчины)",
			"Подача заявления в МФЦ"
		],
		"documents": [
			"Паспорт",
			"Право собственности на землю"
		],
		"steps": [
			"Подать документы в налоговую или МФЦ",
			"Получение освобождения"
		],
		"partner": "ФНС",
		"savingsPerMonth": null,
		"isNew": false
	},
	{
		"id": "benefit_disability_job_hours_2025",
		"title": "Сокращённая рабочая неделя для инвалидов",
		"description": "Максимум 35 часов в неделю, полная оплата труда, увеличенный отпуск.",
		"type": "employment_support",
		"targetGroups": [
			"disabled"
		],
		"regions": [
			"russia"
		],
		"validFrom": "2025-01-01",
		"validTo": null,
		"requirements": [
			"Статус инвалидности",
			"Трудоустройство"
		],
		"documents": [
			"Паспорт",
			"Справка МСЭ"
		],
		"steps": [
			"Оформить статус инвалида",
			"Предъявить документы работодателю"
		],
		"partner": null,
		"savingsPerMonth": null,
		"isNew": false
	},
	{
		"id": "benefit_early_payment_pensions_2025",
		"title": "Оформление выплат пенсионных накоплений предпенсионерам",
		"description": "Выплата накоплений возможна единовременно, если сумма менее 412 000 рублей.",
		"type": "cash_support",
		"targetGroups": [
			"predpensioner"
		],
		"regions": [
			"russia"
		],
		"validFrom": "2025-01-01",
		"validTo": null,
		"requirements": [
			"Пенсионные накопления < 412 тыс.",
			"Документ о статусе"
		],
		"documents": [
			"Паспорт",
			"СНИЛС",
			"Справка о накоплениях"
		],
		"steps": [
			"Обратиться в ПФР",
			"Предоставить документы"
		],
		"partner": "ПФР",
		"savingsPerMonth": null,
		"isNew": false
	},
	{
		"id": "benefit_social_rehab_disabled_2025",
		"title": "Обеспечение техническими средствами реабилитации инвалидов",
		"description": "Бесплатное предоставление кресел-колясок, слуховых аппаратов, протезов, ортопедической обуви и пр.",
		"type": "service",
		"targetGroups": [
			"disabled"
		],
		"regions": [
			"russia"
		],
		"validFrom": "2025-01-01",
		"validTo": null,
		"requirements": [
			"Справка МСЭ",
			"Заявление"
		],
		"documents": [
			"Паспорт",
			"Справка МСЭ"
		],
		"steps": [
			"Оформить инвалидность",
			"Подать заявление на предоставление средств"
		],
		"partner": null,
		"savingsPerMonth": null,
		"isNew": false
	},
	{
		"id": "benefit_disability_tax_writeoff_2025",
		"title": "Освобождение от налога на имущество для инвалидов",
		"description": "Освобождение инвалидов от налога на одну квартиру, дом, гараж или дачу.",
		"type": "tax",
		"targetGroups": [
			"disabled"
		],
		"regions": [
			"russia"
		],
		"validFrom": "2025-01-01",
		"validTo": null,
		"requirements": [
			"Статус инвалида",
			"Собственность"
		],
		"documents": [
			"Паспорт",
			"Свидетельство о праве"
		],
		"steps": [
			"Подать заявление в ФНС",
			"Предъявить документы"
		],
		"partner": "ФНС",
		"savingsPerMonth": null,
		"isNew": false
	}
]