[
	{
		"id": "med_cephalexin_children_2025",
		"name": "Цефалексин для детей до 6 лет",
		"dosage": "250 мг/5 мл суспензия",
		"frequency": "2 раза в день, 10 дней",
		"prescribedBy": "Педиатр",
		"prescribedDate": "2025-01-18",
		"refillDate": "2025-01-26",
		"relatedBenefitIds": [
			"benefit_free_medicines_children_many_children_0_6"
		],
		"relatedOfferIds": [],
		"monthlyPrice": 900,
		"discountedPrice": 0
	},
	{
		"id": "med_magnesium_B6_pregnancy_2025",
		"name": "Магний B6 для беременных",
		"dosage": "2 таблетки",
		"frequency": "ежедневно",
		"prescribedBy": "Акушер-гинеколог",
		"prescribedDate": "2025-02-10",
		"refillDate": "2025-03-10",
		"relatedBenefitIds": [
			"benefit_pregnancy_benefits"
		],
		"relatedOfferIds": [],
		"monthlyPrice": 1300,
		"discountedPrice": 0
	},
	{
		"id": "med_levothyroxine_thyroid_itis_2025",
		"name": "Левотироксин при аутоиммунном тиреоидите",
		"dosage": "50 мкг",
		"frequency": "ежедневно",
		"prescribedBy": "Эндокринолог",
		"prescribedDate": "2025-01-24",
		"refillDate": "2025-02-24",
		"relatedBenefitIds": [
			"benefit_chronic_patients"
		],
		"relatedOfferIds": [],
		"monthlyPrice": 1800,
		"discountedPrice": 0
	},
	{
		"id": "med_zinc_children_2025",
		"name": "Цинк детям 0-3 лет",
		"dosage": "1 таблетка",
		"frequency": "ежедневно",
		"prescribedBy": "Педиатр",
		"prescribedDate": "2025-01-10",
		"refillDate": "2025-02-10",
		"relatedBenefitIds": [
			"benefit_free_medicines_children_0_3"
		],
		"relatedOfferIds": [],
		"monthlyPrice": 500,
		"discountedPrice": 0
	},
	{
		"id": "med_azithromycin_teen_low_income_2025",
		"name": "Азитромицин для подростков из малообеспеченной семьи",
		"dosage": "500 мг",
		"frequency": "раз в день, 3 дня",
		"prescribedBy": "Терапевт",
		"prescribedDate": "2025-02-08",
		"refillDate": "2025-02-18",
		"relatedBenefitIds": [
			"benefit_unified_child_allowance_0_17_yakutsk_2025"
		],
		"relatedOfferIds": [],
		"monthlyPrice": 700,
		"discountedPrice": 0
	},
	{
		"id": "med_omeprazole_gastritis_2025",
		"name": "Омепразол для гастрита",
		"dosage": "20 мг",
		"frequency": "ежедневно",
		"prescribedBy": "Гастроэнтеролог",
		"prescribedDate": "2025-03-02",
		"refillDate": "2025-04-02",
		"relatedBenefitIds": [
			"benefit_chronic_patients"
		],
		"relatedOfferIds": [],
		"monthlyPrice": 600,
		"discountedPrice": 0
	},
	{
		"id": "med_test_strips_diabetes_2025",
		"name": "Тест-полоски детям-диабетикам",
		"dosage": "50 шт.",
		"frequency": "ежемесячно",
		"prescribedBy": "Эндокринолог",
		"prescribedDate": "2025-01-15",
		"refillDate": "2025-02-15",
		"relatedBenefitIds": [
			"benefit_free_medicines_children_disabled"
		],
		"relatedOfferIds": [],
		"monthlyPrice": 1600,
		"discountedPrice": 0
	},
	{
		"id": "med_ibuprofen_suspension_children_2025",
		"name": "Ибупрофен суспензия (дети)",
		"dosage": "100 мг/5 мл",
		"frequency": "по необходимости",
		"prescribedBy": "Педиатр",
		"prescribedDate": "2025-03-04",
		"refillDate": "2025-04-04",
		"relatedBenefitIds": [
			"benefit_free_medicines_children_0_3"
		],
		"relatedOfferIds": [],
		"monthlyPrice": 450,
		"discountedPrice": 0
	},
	{
		"id": "med_digoxin_pensioners_2025",
		"name": "Дигоксин для сердечных больных пенсионеров",
		"dosage": "0.25 мг",
		"frequency": "ежедневно",
		"prescribedBy": "Кардиолог",
		"prescribedDate": "2025-03-13",
		"refillDate": "2025-04-13",
		"relatedBenefitIds": [
			"benefit_pensioners_cardiac"
		],
		"relatedOfferIds": [
			"offer_pharmacy_pensioners_10_percent_weekdays"
		],
		"monthlyPrice": 1200,
		"discountedPrice": 1080
	},
	{
		"id": "med_vigantol_infants_2025",
		"name": "Вигантол (витамин D) для малышей",
		"dosage": "1 капля",
		"frequency": "ежедневно",
		"prescribedBy": "Педиатр",
		"prescribedDate": "2025-01-20",
		"refillDate": "2025-02-20",
		"relatedBenefitIds": [
			"benefit_free_medicines_children_0_3"
		],
		"relatedOfferIds": [],
		"monthlyPrice": 470,
		"discountedPrice": 0
	}
]