[
	{
		"id": "offer_airline_yakutia_subsidized_tariffs_2025",
		"title": "Субсидированные тарифы авиакомпании «Якутия» на 2025 год",
		"description": "Специальные субсидированные тарифы авиакомпании «Якутия» по ряду направлений (Якутск–Москва, Якутск–Санкт‑Петербург и др.) для льготных категорий граждан и жителей ДФО в 2025 году.",
		"partner": "airline_yakutia",
		"discount": 50,
		"validFrom": "2025-01-01",
		"validTo": "2025-12-31",
		"targetGroups": [
			"child",
			"pensioner",
			"disabled",
			"large-family",
			"low-income"
		],
		"regions": [
			"yakutsk",
			"sakha_republic"
		],
		"category": "transport"
	},
	{
		"id": "offer_pharmacy_pensioners_10_percent_weekdays",
		"title": "Скидка 10 % пенсионерам в будни",
		"description": "Типовая скидка 10 % на лекарства и товары аптечного ассортимента по пенсионному удостоверению в большинстве городских аптек Якутска (действует в будние дни).",
		"partner": "local_pharmacies_generic",
		"discount": 10,
		"validFrom": "2025-01-01",
		"validTo": null,
		"targetGroups": [
			"pensioner"
		],
		"regions": [
			"yakutsk"
		],
		"category": "pharmacy"
	},
	{
		"id": "offer_pharmacy_many_children_family_5_percent",
		"title": "Скидка 5 % для многодетных семей в аптеках",
		"description": "Партнёрская скидка около 5 % на медикаменты и детские товары при предъявлении удостоверения многодетной семьи в ряде аптечных сетей Якутска.",
		"partner": "local_pharmacies_generic",
		"discount": 5,
		"validFrom": "2025-01-01",
		"validTo": null,
		"targetGroups": [
			"large-family"
		],
		"regions": [
			"yakutsk"
		],
		"category": "pharmacy"
	},
	{
		"id": "offer_city_transport_card_young_resident_yakutia",
		"title": "Карта юного жителя Якутии / карта жителя Якутии",
		"description": "Транспортные приложения единого цифрового сервиса для школьников с бесплатным или льготным проездом на городском и пригородном транспорте при оплате картой.",
		"partner": "yakutia_transport_operators",
		"discount": 100,
		"validFrom": "2025-09-01",
		"validTo": null,
		"targetGroups": [
			"large-family"
		],
		"regions": [
			"yakutsk",
			"sakha_republic"
		],
		"category": "transport"
	},
	{
		"id": "offer_bank_mortgage_discount_yakutsk_teachers_doctors",
		"title": "Спецусловия ипотеки для учителей, врачей и молодых семей",
		"description": "Сниженная процентная ставка по ипотеке и специальные условия кредитования в Якутске для учителей, врачей и молодых семей.",
		"partner": "local_banks_generic",
		"discount": 3,
		"validFrom": "2025-01-01",
		"validTo": null,
		"targetGroups": [
			"low-income",
			"large-family"
		],
		"regions": [
			"yakutsk"
		],
		"category": "mortgage"
	},
	{
		"id": "offer_city_museums_free_day_many_children",
		"title": "Бесплатное посещение музеев и парков для многодетных",
		"description": "Бесплатный вход один день в месяц для многодетных семей и их детей в музеи, парки культуры и выставки Якутска.",
		"partner": "yakutsk_city_culture",
		"discount": 100,
		"validFrom": "2020-01-01",
		"validTo": null,
		"targetGroups": [
			"large-family"
		],
		"regions": [
			"yakutsk"
		],
		"category": "culture"
	},
	{
		"id": "offer_jkh_discount_pensioner_2025",
		"title": "Скидка 50% на услуги ЖКХ для пенсионеров",
		"description": "Пенсионерам оплачивают половину стоимости коммунальных услуг — в ряде регионов по специальным программам.",
		"partner": "local_government",
		"discount": 50,
		"validFrom": "2025-01-01",
		"validTo": null,
		"targetGroups": [
			"pensioner"
		],
		"regions": [
			"russia"
		],
		"category": "utilities"
	},
	{
		"id": "offer_transport_free_child_2025",
		"title": "Бесплатный транспорт для детей до 5 лет",
		"description": "Дети до 5 лет ездят на поездах бесплатно, с 5 до 10 — со скидкой 50%.",
		"partner": "rzd",
		"discount": 100,
		"validFrom": "2025-01-01",
		"validTo": null,
		"targetGroups": [
			"child"
		],
		"regions": [
			"russia"
		],
		"category": "transport"
	},
	{
		"id": "offer_moscow_school_food_2025",
		"title": "Бесплатное горячее питание в школах Москвы для всех младших классов",
		"description": "Все ученики младших классов государственных школ Москвы получают бесплатные завтраки и обеды.",
		"partner": "moscow",
		"discount": 100,
		"validFrom": "2025-01-01",
		"validTo": null,
		"targetGroups": [
			"child"
		],
		"regions": [
			"moscow"
		],
		"category": "education"
	},
	{
		"id": "offer_air_discount_large_family_2025",
		"title": "Субсидированные авиабилеты для многодетных семей",
		"description": "В ряде регионов ДФО детям и многодетным семьям предоставляются авиабилеты со скидкой 50%.",
		"partner": "airlines",
		"discount": 50,
		"validFrom": "2025-01-01",
		"validTo": "2025-12-31",
		"targetGroups": [
			"large-family",
			"child"
		],
		"regions": [
			"far_east"
		],
		"category": "transport"
	},
	{
		"id": "offer_property_tax_writeoff_pensioner_2025",
		"title": "Освобождение от налога на имущество для пенсионеров",
		"description": "Пенсионеры не платят налог на одну квартиру, дом или гараж.",
		"partner": "nalogovaya",
		"discount": 100,
		"validFrom": "2025-01-01",
		"validTo": null,
		"targetGroups": [
			"pensioner"
		],
		"regions": [
			"russia"
		],
		"category": "tax"
	},
	{
		"id": "offer_transport_free_disability_2025",
		"title": "Бесплатный пригородный транспорт для инвалидов",
		"description": "Бесплатный проезд на пригородных автобусах, электричках, метро для инвалидов всех групп.",
		"partner": "rzd",
		"discount": 100,
		"validFrom": "2025-01-01",
		"validTo": null,
		"targetGroups": [
			"disabled"
		],
		"regions": [
			"russia"
		],
		"category": "transport"
	},
	{
		"id": "offer_parking_free_disabled_2025",
		"title": "Бесплатная парковка для автомобилей инвалидов",
		"description": "Бесплатная парковка на всей территории РФ для транспортных средств инвалидов.",
		"partner": null,
		"discount": 100,
		"validFrom": "2025-01-01",
		"validTo": null,
		"targetGroups": [
			"disabled"
		],
		"regions": [
			"russia"
		],
		"category": "transport"
	},
	{
		"id": "offer_dispensary_leave_predpensioner_2025",
		"title": "Оплачиваемые дни для диспансеризации предпенсионеров",
		"description": "2 дополнительных оплачиваемых выходных дня в год для прохождения медицинского обследования.",
		"partner": null,
		"discount": 100,
		"validFrom": "2025-01-01",
		"validTo": null,
		"targetGroups": [
			"predpensioner"
		],
		"regions": [
			"russia"
		],
		"category": "employment"
	},
	{
		"id": "offer_jkh_discount_invalide_2025",
		"title": "Скидка 50% на оплату коммунальных услуг для инвалидов",
		"description": "Инвалиды всех групп, а также семьи с детьми-инвалидами оплачивают ЖКУ со скидкой.",
		"partner": "local_government",
		"discount": 50,
		"validFrom": "2025-01-01",
		"validTo": null,
		"targetGroups": [
			"disabled",
			"child"
		],
		"regions": [
			"russia"
		],
		"category": "utilities"
	},
	{
		"id": "offer_notary_fee_discount_disabled_2025",
		"title": "Скидка на оплату услуг нотариуса для инвалидов",
		"description": "Инвалиды освобождены от оплаты части услуг нотариуса при оформлении жилья, наследства, завещания.",
		"partner": "notary_chamber",
		"discount": 100,
		"validFrom": "2025-01-01",
		"validTo": null,
		"targetGroups": [
			"disabled"
		],
		"regions": [
			"russia"
		],
		"category": "legal"
	}
]